age,state,n
19,CT,510
19,ME,189
19,MA,1180
19,NH,239
19,RI,152
19,VT,94
19,DE,121
19,NJ,1111
19,NY,2813
19,PA,2026
19,IL,1700
19,IN,1040
19,MI,1365
19,OH,1756
19,WI,849
19,IA,517
19,KS,468
19,MN,778
19,MO,820
19,NE,318
19,ND,123
19,SD,138
19,VA,1354
19,AL,745
19,AR,445
19,FL,2478
19,GA,1451
19,LA,565
19,MS,477
19,NC,1545
19,SC,855
19,TX,3900
19,KY,599
19,MD,817
19,OK,574
19,TN,908
19,WV,264
19,AZ,1002
19,CO,772
19,ID,237
19,MT,131
19,NV,337
19,NM,263
19,UT,565
19,WY,79
19,CA,5548
19,OR,572
19,WA,998
19,AK,85
19,HI,172
20,CT,501
20,ME,180
20,MA,1291
20,NH,232
20,RI,263
20,VT,146
20,DE,114
20,NJ,1091
20,NY,2923
20,PA,2061
20,IL,1510
20,IN,1044
20,MI,1408
20,OH,1743
20,WI,768
20,IA,535
20,KS,430
20,MN,666
20,MO,919
20,NE,284
20,ND,134
20,SD,135
20,VA,1252
20,AL,659
20,AR,463
20,FL,2254
20,GA,1297
20,LA,544
20,MS,456
20,NC,1551
20,SC,858
20,TX,3562
20,KY,617
20,MD,696
20,OK,616
20,TN,968
20,WV,268
20,AZ,861
20,CO,659
20,ID,182
20,MT,118
20,NV,326
20,NM,229
20,UT,437
20,WY,85
20,CA,5073
20,OR,508
20,WA,936
20,AK,99
20,HI,165
21,CT,512
21,ME,143
21,MA,1084
21,NH,193
21,RI,160
21,VT,99
21,DE,119
21,NJ,1012
21,NY,2618
21,PA,1744
21,IL,1477
21,IN,936
21,MI,1146
21,OH,1494
21,WI,664
21,IA,433
21,KS,393
21,MN,573
21,MO,817
21,NE,223
21,ND,108
21,SD,97
21,VA,1145
21,AL,594
21,AR,386
21,FL,2048
21,GA,1314
21,LA,541
21,MS,420
21,NC,1339
21,SC,652
21,TX,3121
21,KY,606
21,MD,672
21,OK,566
21,TN,808
21,WV,248
21,AZ,822
21,CO,602
21,ID,189
21,MT,101
21,NV,332
21,NM,198
21,UT,453
21,WY,61
21,CA,4906
21,OR,493
21,WA,808
21,AK,90
21,HI,179
22,CT,529
22,ME,147
22,MA,1123
22,NH,168
22,RI,125
22,VT,84
22,DE,107
22,NJ,1002
22,NY,2425
22,PA,1613
22,IL,1390
22,IN,867
22,MI,1040
22,OH,1425
22,WI,552
22,IA,374
22,KS,337
22,MN,545
22,MO,761
22,NE,243
22,ND,80
22,SD,91
22,VA,1004
22,AL,575
22,AR,351
22,FL,2023
22,GA,1207
22,LA,484
22,MS,321
22,NC,1148
22,SC,628
22,TX,3236
22,KY,559
22,MD,712
22,OK,462
22,TN,826
22,WV,218
22,AZ,846
22,CO,577
22,ID,173
22,MT,83
22,NV,306
22,NM,185
22,UT,541
22,WY,43
22,CA,4702
22,OR,468
22,WA,821
22,AK,81
22,HI,191
23,CT,363
23,ME,96
23,MA,910
23,NH,129
23,RI,127
23,VT,50
23,DE,104
23,NJ,981
23,NY,2332
23,PA,1438
23,IL,1428
23,IN,868
23,MI,1007
23,OH,1285
23,WI,554
23,IA,326
23,KS,304
23,MN,536
23,MO,656
23,NE,203
23,ND,89
23,SD,78
23,VA,1019
23,AL,501
23,AR,320
23,FL,1988
23,GA,1161
23,LA,473
23,MS,347
23,NC,1145
23,SC,554
23,TX,3093
23,KY,484
23,MD,645
23,OK,393
23,TN,778
23,WV,186
23,AZ,806
23,CO,577
23,ID,178
23,MT,92
23,NV,304
23,NM,206
23,UT,485
23,WY,50
23,CA,4796
23,OR,417
23,WA,797
23,AK,86
23,HI,182
24,CT,382
24,ME,92
24,MA,918
24,NH,158
24,RI,102
24,VT,40
24,DE,80
24,NJ,990
24,NY,2311
24,PA,1377
24,IL,1396
24,IN,758
24,MI,1017
24,OH,1240
24,WI,555
24,IA,334
24,KS,334
24,MN,486
24,MO,684
24,NE,192
24,ND,75
24,SD,98
24,VA,1010
24,AL,482
24,AR,303
24,FL,2017
24,GA,1215
24,LA,513
24,MS,316
24,NC,1024
24,SC,583
24,TX,3019
24,KY,515
24,MD,711
24,OK,382
24,TN,761
24,WV,207
24,AZ,851
24,CO,607
24,ID,191
24,MT,86
24,NV,317
24,NM,192
24,UT,454
24,WY,55
24,CA,4779
24,OR,468
24,WA,837
24,AK,97
24,HI,180
25,CT,376
25,ME,116
25,MA,922
25,NH,143
25,RI,106
25,VT,48
25,DE,94
25,NJ,1009
25,NY,2443
25,PA,1370
25,IL,1436
25,IN,724
25,MI,1078
25,OH,1291
25,WI,573
25,IA,353
25,KS,289
25,MN,514
25,MO,679
25,NE,197
25,ND,81
25,SD,82
25,VA,947
25,AL,496
25,AR,321
25,FL,2015
25,GA,1177
25,LA,503
25,MS,280
25,NC,1140
25,SC,501
25,TX,3206
25,KY,516
25,MD,675
25,OK,365
25,TN,754
25,WV,176
25,AZ,833
25,CO,701
25,ID,177
25,MT,108
25,NV,319
25,NM,195
25,UT,470
25,WY,62
25,CA,4858
25,OR,449
25,WA,834
25,AK,86
25,HI,152
26,CT,385
26,ME,117
26,MA,867
26,NH,160
26,RI,117
26,VT,49
26,DE,88
26,NJ,990
26,NY,2445
26,PA,1339
26,IL,1492
26,IN,818
26,MI,1044
26,OH,1328
26,WI,551
26,IA,333
26,KS,347
26,MN,535
26,MO,671
26,NE,212
26,ND,101
26,SD,119
26,VA,960
26,AL,557
26,AR,290
26,FL,2031
26,GA,1165
26,LA,500
26,MS,333
26,NC,1203
26,SC,581
26,TX,3320
26,KY,544
26,MD,716
26,OK,420
26,TN,831
26,WV,155
26,AZ,822
26,CO,715
26,ID,166
26,MT,84
26,NV,350
26,NM,203
26,UT,469
26,WY,60
26,CA,4932
26,OR,486
26,WA,888
26,AK,90
26,HI,176
27,CT,418
27,ME,109
27,MA,915
27,NH,148
27,RI,126
27,VT,59
27,DE,90
27,NJ,930
27,NY,2490
27,PA,1415
27,IL,1517
27,IN,788
27,MI,1066
27,OH,1338
27,WI,532
27,IA,394
27,KS,357
27,MN,539
27,MO,732
27,NE,209
27,ND,87
27,SD,115
27,VA,1035
27,AL,475
27,AR,361
27,FL,2132
27,GA,1260
27,LA,510
27,MS,366
27,NC,1112
27,SC,557
27,TX,3382
27,KY,502
27,MD,668
27,OK,484
27,TN,797
27,WV,169
27,AZ,800
27,CO,720
27,ID,192
27,MT,123
27,NV,323
27,NM,198
27,UT,420
27,WY,66
27,CA,5142
27,OR,492
27,WA,931
27,AK,100
27,HI,183
28,CT,405
28,ME,130
28,MA,917
28,NH,153
28,RI,126
28,VT,63
28,DE,110
28,NJ,1044
28,NY,2536
28,PA,1414
28,IL,1610
28,IN,863
28,MI,1129
28,OH,1447
28,WI,652
28,IA,364
28,KS,303
28,MN,572
28,MO,752
28,NE,238
28,ND,98
28,SD,88
28,VA,968
28,AL,552
28,AR,362
28,FL,2146
28,GA,1269
28,LA,521
28,MS,296
28,NC,1193
28,SC,552
28,TX,3310
28,KY,584
28,MD,710
28,OK,468
28,TN,837
28,WV,177
28,AZ,812
28,CO,767
28,ID,210
28,MT,98
28,NV,372
28,NM,222
28,UT,418
28,WY,70
28,CA,5134
28,OR,497
28,WA,1033
28,AK,94
28,HI,156
29,CT,415
29,ME,115
29,MA,881
29,NH,181
29,RI,132
29,VT,65
29,DE,105
29,NJ,1042
29,NY,2619
29,PA,1523
29,IL,1612
29,IN,799
29,MI,1187
29,OH,1368
29,WI,625
29,IA,345
29,KS,354
29,MN,596
29,MO,732
29,NE,217
29,ND,89
29,SD,91
29,VA,1096
29,AL,578
29,AR,342
29,FL,2262
29,GA,1286
29,LA,528
29,MS,307
29,NC,1217
29,SC,610
29,TX,3342
29,KY,527
29,MD,683
29,OK,451
29,TN,812
29,WV,175
29,AZ,873
29,CO,753
29,ID,184
29,MT,94
29,NV,367
29,NM,260
29,UT,420
29,WY,60
29,CA,5357
29,OR,525
29,WA,957
29,AK,106
29,HI,179
30,CT,368
30,ME,142
30,MA,879
30,NH,146
30,RI,132
30,VT,82
30,DE,88
30,NJ,993
30,NY,2540
30,PA,1396
30,IL,1512
30,IN,804
30,MI,1086
30,OH,1367
30,WI,635
30,IA,384
30,KS,336
30,MN,629
30,MO,702
30,NE,206
30,ND,123
30,SD,119
30,VA,953
30,AL,560
30,AR,323
30,FL,2220
30,GA,1276
30,LA,548
30,MS,344
30,NC,1225
30,SC,566
30,TX,3366
30,KY,549
30,MD,675
30,OK,458
30,TN,821
30,WV,173
30,AZ,846
30,CO,712
30,ID,198
30,MT,109
30,NV,373
30,NM,198
30,UT,401
30,WY,71
30,CA,5141
30,OR,489
30,WA,980
30,AK,91
30,HI,161
31,CT,385
31,ME,127
31,MA,983
31,NH,138
31,RI,98
31,VT,71
31,DE,92
31,NJ,1031
31,NY,2808
31,PA,1521
31,IL,1599
31,IN,791
31,MI,1159
31,OH,1393
31,WI,634
31,IA,355
31,KS,324
31,MN,605
31,MO,709
31,NE,225
31,ND,98
31,SD,110
31,VA,1104
31,AL,571
31,AR,342
31,FL,2367
31,GA,1268
31,LA,548
31,MS,273
31,NC,1225
31,SC,574
31,TX,3509
31,KY,503
31,MD,728
31,OK,489
31,TN,850
31,WV,200
31,AZ,876
31,CO,796
31,ID,180
31,MT,128
31,NV,396
31,NM,231
31,UT,413
31,WY,71
31,CA,5334
31,OR,552
31,WA,1059
31,AK,99
31,HI,161
32,CT,404
32,ME,129
32,MA,912
32,NH,167
32,RI,129
32,VT,56
32,DE,106
32,NJ,1048
32,NY,2504
32,PA,1416
32,IL,1477
32,IN,765
32,MI,1092
32,OH,1373
32,WI,663
32,IA,337
32,KS,316
32,MN,617
32,MO,740
32,NE,231
32,ND,84
32,SD,114
32,VA,1044
32,AL,530
32,AR,332
32,FL,2201
32,GA,1253
32,LA,538
32,MS,292
32,NC,1163
32,SC,529
32,TX,3477
32,KY,536
32,MD,697
32,OK,421
32,TN,789
32,WV,192
32,AZ,790
32,CO,791
32,ID,197
32,MT,132
32,NV,374
32,NM,235
32,UT,411
32,WY,68
32,CA,4945
32,OR,524
32,WA,1036
32,AK,91
32,HI,156
33,CT,380
33,ME,142
33,MA,893
33,NH,150
33,RI,104
33,VT,74
33,DE,90
33,NJ,1059
33,NY,2634
33,PA,1506
33,IL,1593
33,IN,758
33,MI,1138
33,OH,1353
33,WI,670
33,IA,408
33,KS,339
33,MN,681
33,MO,710
33,NE,225
33,ND,89
33,SD,104
33,VA,1062
33,AL,506
33,AR,350
33,FL,2235
33,GA,1228
33,LA,556
33,MS,311
33,NC,1152
33,SC,530
33,TX,3485
33,KY,511
33,MD,716
33,OK,486
33,TN,779
33,WV,196
33,AZ,788
33,CO,837
33,ID,168
33,MT,96
33,NV,348
33,NM,256
33,UT,418
33,WY,65
33,CA,5161
33,OR,550
33,WA,1067
33,AK,112
33,HI,171
34,CT,409
34,ME,145
34,MA,870
34,NH,135
34,RI,135
34,VT,61
34,DE,90
34,NJ,1021
34,NY,2487
34,PA,1402
34,IL,1568
34,IN,733
34,MI,1082
34,OH,1449
34,WI,683
34,IA,319
34,KS,368
34,MN,657
34,MO,732
34,NE,225
34,ND,116
34,SD,94
34,VA,1047
34,AL,499
34,AR,329
34,FL,2307
34,GA,1191
34,LA,540
34,MS,317
34,NC,1182
34,SC,566
34,TX,3457
34,KY,520
34,MD,769
34,OK,455
34,TN,738
34,WV,191
34,AZ,824
34,CO,781
34,ID,204
34,MT,91
34,NV,367
34,NM,207
34,UT,407
34,WY,61
34,CA,5062
34,OR,589
34,WA,1011
34,AK,89
34,HI,175
35,CT,391
35,ME,176
35,MA,825
35,NH,150
35,RI,103
35,VT,71
35,DE,105
35,NJ,1066
35,NY,2348
35,PA,1383
35,IL,1546
35,IN,769
35,MI,1073
35,OH,1229
35,WI,642
35,IA,396
35,KS,342
35,MN,672
35,MO,699
35,NE,235
35,ND,108
35,SD,95
35,VA,998
35,AL,490
35,AR,323
35,FL,2245
35,GA,1220
35,LA,553
35,MS,339
35,NC,1219
35,SC,546
35,TX,3427
35,KY,507
35,MD,741
35,OK,463
35,TN,757
35,WV,156
35,AZ,819
35,CO,823
35,ID,189
35,MT,130
35,NV,329
35,NM,228
35,UT,396
35,WY,70
35,CA,5007
35,OR,558
35,WA,1042
35,AK,94
35,HI,166
36,CT,397
36,ME,131
36,MA,887
36,NH,127
36,RI,147
36,VT,88
36,DE,92
36,NJ,1056
36,NY,2415
36,PA,1438
36,IL,1652
36,IN,803
36,MI,1050
36,OH,1309
36,WI,718
36,IA,402
36,KS,327
36,MN,668
36,MO,710
36,NE,206
36,ND,95
36,SD,120
36,VA,1100
36,AL,518
36,AR,349
36,FL,2395
36,GA,1262
36,LA,572
36,MS,342
36,NC,1202
36,SC,580
36,TX,3568
36,KY,591
36,MD,810
36,OK,460
36,TN,834
36,WV,185
36,AZ,841
36,CO,805
36,ID,175
36,MT,109
36,NV,381
36,NM,216
36,UT,400
36,WY,68
36,CA,5319
36,OR,548
36,WA,1046
36,AK,105
36,HI,200
37,CT,427
37,ME,134
37,MA,782
37,NH,146
37,RI,134
37,VT,69
37,DE,105
37,NJ,1091
37,NY,2403
37,PA,1437
37,IL,1534
37,IN,778
37,MI,1085
37,OH,1423
37,WI,680
37,IA,385
37,KS,357
37,MN,692
37,MO,759
37,NE,256
37,ND,106
37,SD,100
37,VA,1060
37,AL,509
37,AR,339
37,FL,2218
37,GA,1219
37,LA,546
37,MS,335
37,NC,1165
37,SC,530
37,TX,3477
37,KY,483
37,MD,750
37,OK,461
37,TN,817
37,WV,173
37,AZ,852
37,CO,743
37,ID,199
37,MT,117
37,NV,364
37,NM,232
37,UT,402
37,WY,54
37,CA,5040
37,OR,566
37,WA,976
37,AK,76
37,HI,188
38,CT,389
38,ME,128
38,MA,782
38,NH,150
38,RI,128
38,VT,70
38,DE,94
38,NJ,1068
38,NY,2292
38,PA,1375
38,IL,1604
38,IN,780
38,MI,1112
38,OH,1385
38,WI,709
38,IA,402
38,KS,306
38,MN,648
38,MO,716
38,NE,238
38,ND,99
38,SD,95
38,VA,1051
38,AL,498
38,AR,383
38,FL,2234
38,GA,1219
38,LA,527
38,MS,356
38,NC,1192
38,SC,565
38,TX,3417
38,KY,529
38,MD,751
38,OK,418
38,TN,801
38,WV,207
38,AZ,775
38,CO,795
38,ID,209
38,MT,118
38,NV,348
38,NM,221
38,UT,424
38,WY,80
38,CA,4879
38,OR,567
38,WA,1018
38,AK,79
38,HI,184
39,CT,388
39,ME,146
39,MA,757
39,NH,132
39,RI,125
39,VT,63
39,DE,92
39,NJ,1073
39,NY,2330
39,PA,1483
39,IL,1503
39,IN,839
39,MI,1082
39,OH,1437
39,WI,699
39,IA,353
39,KS,324
39,MN,708
39,MO,790
39,NE,225
39,ND,69
39,SD,107
39,VA,1075
39,AL,527
39,AR,348
39,FL,2185
39,GA,1224
39,LA,549
39,MS,355
39,NC,1118
39,SC,550
39,TX,3483
39,KY,526
39,MD,758
39,OK,487
39,TN,747
39,WV,172
39,AZ,784
39,CO,735
39,ID,208
39,MT,95
39,NV,409
39,NM,217
39,UT,442
39,WY,85
39,CA,4910
39,OR,521
39,WA,996
39,AK,86
39,HI,194
40,CT,370
40,ME,138
40,MA,782
40,NH,124
40,RI,99
40,VT,58
40,DE,86
40,NJ,1066
40,NY,2266
40,PA,1355
40,IL,1490
40,IN,777
40,MI,1078
40,OH,1310
40,WI,649
40,IA,349
40,KS,347
40,MN,651
40,MO,673
40,NE,205
40,ND,80
40,SD,84
40,VA,984
40,AL,503
40,AR,368
40,FL,2196
40,GA,1198
40,LA,505
40,MS,336
40,NC,1157
40,SC,563
40,TX,3254
40,KY,582
40,MD,712
40,OK,485
40,TN,760
40,WV,191
40,AZ,799
40,CO,691
40,ID,196
40,MT,109
40,NV,309
40,NM,211
40,UT,417
40,WY,70
40,CA,4640
40,OR,564
40,WA,955
40,AK,76
40,HI,145
41,CT,414
41,ME,110
41,MA,830
41,NH,127
41,RI,116
41,VT,69
41,DE,81
41,NJ,1088
41,NY,2499
41,PA,1378
41,IL,1620
41,IN,736
41,MI,1086
41,OH,1364
41,WI,680
41,IA,372
41,KS,329
41,MN,678
41,MO,727
41,NE,252
41,ND,80
41,SD,88
41,VA,1076
41,AL,504
41,AR,309
41,FL,2280
41,GA,1249
41,LA,526
41,MS,314
41,NC,1214
41,SC,621
41,TX,3413
41,KY,506
41,MD,714
41,OK,426
41,TN,802
41,WV,205
41,AZ,773
41,CO,751
41,ID,200
41,MT,119
41,NV,398
41,NM,207
41,UT,436
41,WY,67
41,CA,5042
41,OR,556
41,WA,958
41,AK,75
41,HI,219
42,CT,413
42,ME,111
42,MA,794
42,NH,134
42,RI,126
42,VT,65
42,DE,76
42,NJ,1062
42,NY,2039
42,PA,1374
42,IL,1478
42,IN,740
42,MI,985
42,OH,1264
42,WI,632
42,IA,304
42,KS,328
42,MN,590
42,MO,653
42,NE,205
42,ND,78
42,SD,105
42,VA,951
42,AL,522
42,AR,336
42,FL,2212
42,GA,1172
42,LA,476
42,MS,288
42,NC,1154
42,SC,515
42,TX,3195
42,KY,497
42,MD,652
42,OK,411
42,TN,760
42,WV,224
42,AZ,784
42,CO,726
42,ID,191
42,MT,103
42,NV,363
42,NM,212
42,UT,413
42,WY,54
42,CA,4542
42,OR,565
42,WA,889
42,AK,68
42,HI,158
43,CT,416
43,ME,117
43,MA,718
43,NH,123
43,RI,86
43,VT,71
43,DE,94
43,NJ,1016
43,NY,2165
43,PA,1375
43,IL,1464
43,IN,749
43,MI,1047
43,OH,1274
43,WI,621
43,IA,348
43,KS,299
43,MN,573
43,MO,652
43,NE,195
43,ND,57
43,SD,83
43,VA,925
43,AL,518
43,AR,322
43,FL,2119
43,GA,1124
43,LA,487
43,MS,331
43,NC,1207
43,SC,548
43,TX,3197
43,KY,481
43,MD,652
43,OK,415
43,TN,771
43,WV,200
43,AZ,795
43,CO,707
43,ID,158
43,MT,105
43,NV,330
43,NM,230
43,UT,426
43,WY,43
43,CA,4550
43,OR,534
43,WA,868
43,AK,73
43,HI,148
44,CT,398
44,ME,134
44,MA,740
44,NH,160
44,RI,103
44,VT,71
44,DE,103
44,NJ,1018
44,NY,2170
44,PA,1368
44,IL,1489
44,IN,729
44,MI,985
44,OH,1303
44,WI,628
44,IA,346
44,KS,326
44,MN,553
44,MO,641
44,NE,210
44,ND,83
44,SD,96
44,VA,1000
44,AL,527
44,AR,337
44,FL,2136
44,GA,1236
44,LA,461
44,MS,311
44,NC,1147
44,SC,529
44,TX,3317
44,KY,520
44,MD,677
44,OK,397
44,TN,800
44,WV,203
44,AZ,769
44,CO,700
44,ID,188
44,MT,92
44,NV,333
44,NM,228
44,UT,397
44,WY,55
44,CA,4567
44,OR,486
44,WA,845
44,AK,52
44,HI,171
45,CT,430
45,ME,137
45,MA,768
45,NH,137
45,RI,106
45,VT,64
45,DE,108
45,NJ,1071
45,NY,2085
45,PA,1397
45,IL,1440
45,IN,711
45,MI,1119
45,OH,1320
45,WI,606
45,IA,301
45,KS,286
45,MN,546
45,MO,663
45,NE,168
45,ND,67
45,SD,80
45,VA,953
45,AL,515
45,AR,354
45,FL,2148
45,GA,1156
45,LA,436
45,MS,291
45,NC,1128
45,SC,518
45,TX,3285
45,KY,480
45,MD,660
45,OK,381
45,TN,775
45,WV,197
45,AZ,708
45,CO,634
45,ID,184
45,MT,104
45,NV,316
45,NM,206
45,UT,325
45,WY,44
45,CA,4321
45,OR,473
45,WA,880
45,AK,75
45,HI,146
46,CT,442
46,ME,153
46,MA,801
46,NH,144
46,RI,118
46,VT,61
46,DE,88
46,NJ,1105
46,NY,2259
46,PA,1437
46,IL,1512
46,IN,756
46,MI,1130
46,OH,1303
46,WI,612
46,IA,305
46,KS,331
46,MN,576
46,MO,637
46,NE,185
46,ND,87
46,SD,84
46,VA,1015
46,AL,619
46,AR,327
46,FL,2402
46,GA,1190
46,LA,489
46,MS,348
46,NC,1258
46,SC,563
46,TX,3280
46,KY,524
46,MD,696
46,OK,404
46,TN,829
46,WV,186
46,AZ,770
46,CO,684
46,ID,174
46,MT,88
46,NV,395
46,NM,228
46,UT,315
46,WY,65
46,CA,4650
46,OR,509
46,WA,869
46,AK,80
46,HI,172
47,CT,403
47,ME,154
47,MA,838
47,NH,172
47,RI,101
47,VT,65
47,DE,115
47,NJ,1075
47,NY,2294
47,PA,1509
47,IL,1587
47,IN,858
47,MI,1162
47,OH,1393
47,WI,684
47,IA,364
47,KS,330
47,MN,568
47,MO,685
47,NE,221
47,ND,81
47,SD,81
47,VA,1050
47,AL,551
47,AR,342
47,FL,2373
47,GA,1256
47,LA,460
47,MS,325
47,NC,1268
47,SC,562
47,TX,3285
47,KY,544
47,MD,741
47,OK,451
47,TN,859
47,WV,208
47,AZ,751
47,CO,657
47,ID,196
47,MT,93
47,NV,363
47,NM,210
47,UT,383
47,WY,65
47,CA,4743
47,OR,502
47,WA,924
47,AK,80
47,HI,183
48,CT,469
48,ME,187
48,MA,902
48,NH,173
48,RI,112
48,VT,80
48,DE,108
48,NJ,1258
48,NY,2496
48,PA,1614
48,IL,1659
48,IN,877
48,MI,1239
48,OH,1510
48,WI,736
48,IA,334
48,KS,333
48,MN,664
48,MO,747
48,NE,255
48,ND,91
48,SD,87
48,VA,1167
48,AL,609
48,AR,346
48,FL,2545
48,GA,1392
48,LA,529
48,MS,361
48,NC,1373
48,SC,619
48,TX,3457
48,KY,636
48,MD,868
48,OK,502
48,TN,939
48,WV,252
48,AZ,843
48,CO,753
48,ID,174
48,MT,122
48,NV,373
48,NM,198
48,UT,336
48,WY,72
48,CA,4882
48,OR,537
48,WA,969
48,AK,79
48,HI,182
49,CT,493
49,ME,152
49,MA,836
49,NH,189
49,RI,129
49,VT,76
49,DE,105
49,NJ,1180
49,NY,2443
49,PA,1607
49,IL,1551
49,IN,828
49,MI,1256
49,OH,1461
49,WI,748
49,IA,349
49,KS,364
49,MN,707
49,MO,781
49,NE,205
49,ND,87
49,SD,84
49,VA,1233
49,AL,634
49,AR,333
49,FL,2571
49,GA,1441
49,LA,547
49,MS,357
49,NC,1362
49,SC,591
49,TX,3534
49,KY,602
49,MD,784
49,OK,427
49,TN,877
49,WV,232
49,AZ,840
49,CO,707
49,ID,217
49,MT,114
49,NV,343
49,NM,273
49,UT,319
49,WY,54
49,CA,5045
49,OR,513
49,WA,968
49,AK,96
49,HI,175
50,CT,503
50,ME,161
50,MA,926
50,NH,182
50,RI,107
50,VT,84
50,DE,115
50,NJ,1240
50,NY,2532
50,PA,1634
50,IL,1556
50,IN,823
50,MI,1290
50,OH,1515
50,WI,786
50,IA,371
50,KS,349
50,MN,672
50,MO,767
50,NE,227
50,ND,84
50,SD,89
50,VA,1098
50,AL,619
50,AR,360
50,FL,2588
50,GA,1360
50,LA,518
50,MS,332
50,NC,1401
50,SC,598
50,TX,3353
50,KY,620
50,MD,790
50,OK,399
50,TN,885
50,WV,204
50,AZ,795
50,CO,725
50,ID,203
50,MT,107
50,NV,370
50,NM,195
50,UT,319
50,WY,55
50,CA,5020
50,OR,511
50,WA,955
50,AK,75
50,HI,191
51,CT,499
51,ME,185
51,MA,924
51,NH,183
51,RI,132
51,VT,70
51,DE,134
51,NJ,1215
51,NY,2669
51,PA,1661
51,IL,1656
51,IN,814
51,MI,1354
51,OH,1454
51,WI,781
51,IA,371
51,KS,326
51,MN,693
51,MO,726
51,NE,194
51,ND,74
51,SD,97
51,VA,1107
51,AL,613
51,AR,370
51,FL,2660
51,GA,1360
51,LA,559
51,MS,355
51,NC,1346
51,SC,657
51,TX,3389
51,KY,594
51,MD,845
51,OK,468
51,TN,835
51,WV,241
51,AZ,879
51,CO,663
51,ID,200
51,MT,94
51,NV,360
51,NM,214
51,UT,307
51,WY,66
51,CA,5113
51,OR,502
51,WA,985
51,AK,100
51,HI,211
52,CT,510
52,ME,161
52,MA,932
52,NH,182
52,RI,148
52,VT,93
52,DE,110
52,NJ,1228
52,NY,2463
52,PA,1618
52,IL,1657
52,IN,838
52,MI,1360
52,OH,1517
52,WI,811
52,IA,398
52,KS,327
52,MN,685
52,MO,741
52,NE,212
52,ND,78
52,SD,89
52,VA,1105
52,AL,585
52,AR,356
52,FL,2491
52,GA,1376
52,LA,496
52,MS,359
52,NC,1284
52,SC,612
52,TX,3248
52,KY,584
52,MD,808
52,OK,433
52,TN,853
52,WV,203
52,AZ,752
52,CO,689
52,ID,177
52,MT,110
52,NV,383
52,NM,200
52,UT,299
52,WY,67
52,CA,4761
52,OR,484
52,WA,871
52,AK,83
52,HI,168
53,CT,498
53,ME,193
53,MA,994
53,NH,222
53,RI,132
53,VT,77
53,DE,125
53,NJ,1246
53,NY,2703
53,PA,1746
53,IL,1671
53,IN,859
53,MI,1329
53,OH,1523
53,WI,874
53,IA,376
53,KS,374
53,MN,767
53,MO,803
53,NE,240
53,ND,81
53,SD,98
53,VA,1146
53,AL,661
53,AR,389
53,FL,2711
53,GA,1334
53,LA,527
53,MS,378
53,NC,1376
53,SC,654
53,TX,3299
53,KY,575
53,MD,851
53,OK,424
53,TN,853
53,WV,208
53,AZ,825
53,CO,662
53,ID,162
53,MT,114
53,NV,356
53,NM,217
53,UT,327
53,WY,76
53,CA,4894
53,OR,474
53,WA,947
53,AK,82
53,HI,185
54,CT,545
54,ME,190
54,MA,937
54,NH,224
54,RI,156
54,VT,99
54,DE,134
54,NJ,1385
54,NY,2770
54,PA,1872
54,IL,1680
54,IN,951
54,MI,1398
54,OH,1688
54,WI,889
54,IA,389
54,KS,383
54,MN,732
54,MO,862
54,NE,259
54,ND,105
54,SD,114
54,VA,1220
54,AL,675
54,AR,385
54,FL,2959
54,GA,1392
54,LA,610
54,MS,398
54,NC,1454
54,SC,696
54,TX,3611
54,KY,639
54,MD,886
54,OK,459
54,TN,931
54,WV,252
54,AZ,900
54,CO,760
54,ID,197
54,MT,125
54,NV,424
54,NM,265
54,UT,335
54,WY,73
54,CA,4975
54,OR,499
54,WA,911
54,AK,69
54,HI,197
55,CT,579
55,ME,217
55,MA,1036
55,NH,222
55,RI,160
55,VT,99
55,DE,140
55,NJ,1335
55,NY,2878
55,PA,1905
55,IL,1849
55,IN,931
55,MI,1449
55,OH,1717
55,WI,946
55,IA,418
55,KS,417
55,MN,841
55,MO,885
55,NE,232
55,ND,100
55,SD,113
55,VA,1254
55,AL,730
55,AR,404
55,FL,2992
55,GA,1409
55,LA,610
55,MS,395
55,NC,1480
55,SC,702
55,TX,3675
55,KY,620
55,MD,882
55,OK,549
55,TN,1019
55,WV,270
55,AZ,921
55,CO,722
55,ID,182
55,MT,148
55,NV,424
55,NM,274
55,UT,342
55,WY,68
55,CA,5242
55,OR,495
55,WA,1044
55,AK,97
55,HI,172
56,CT,543
56,ME,207
56,MA,1044
56,NH,228
56,RI,176
56,VT,111
56,DE,126
56,NJ,1438
56,NY,3002
56,PA,1987
56,IL,1865
56,IN,896
56,MI,1502
56,OH,1707
56,WI,969
56,IA,448
56,KS,408
56,MN,860
56,MO,907
56,NE,273
56,ND,121
56,SD,136
56,VA,1294
56,AL,696
56,AR,473
56,FL,3010
56,GA,1532
56,LA,626
56,MS,398
56,NC,1553
56,SC,761
56,TX,3649
56,KY,652
56,MD,884
56,OK,588
56,TN,995
56,WV,268
56,AZ,903
56,CO,771
56,ID,234
56,MT,144
56,NV,420
56,NM,277
56,UT,363
56,WY,82
56,CA,5364
56,OR,516
56,WA,1073
56,AK,95
56,HI,177
57,CT,575
57,ME,207
57,MA,1081
57,NH,223
57,RI,146
57,VT,95
57,DE,148
57,NJ,1367
57,NY,2945
57,PA,2004
57,IL,1934
57,IN,1043
57,MI,1579
57,OH,1751
57,WI,962
57,IA,504
57,KS,410
57,MN,905
57,MO,934
57,NE,286
57,ND,155
57,SD,134
57,VA,1254
57,AL,690
57,AR,435
57,FL,3139
57,GA,1435
57,LA,590
57,MS,392
57,NC,1540
57,SC,691
57,TX,3732
57,KY,655
57,MD,894
57,OK,536
57,TN,984
57,WV,300
57,AZ,929
57,CO,771
57,ID,207
57,MT,156
57,NV,391
57,NM,299
57,UT,353
57,WY,104
57,CA,5266
57,OR,587
57,WA,1081
57,AK,94
57,HI,212
58,CT,547
58,ME,227
58,MA,1125
58,NH,270
58,RI,150
58,VT,94
58,DE,147
58,NJ,1363
58,NY,3006
58,PA,2087
58,IL,1918
58,IN,1023
58,MI,1584
58,OH,1910
58,WI,1005
58,IA,483
58,KS,433
58,MN,934
58,MO,925
58,NE,296
58,ND,127
58,SD,121
58,VA,1270
58,AL,737
58,AR,417
58,FL,3150
58,GA,1505
58,LA,688
58,MS,432
58,NC,1503
58,SC,713
58,TX,3598
58,KY,664
58,MD,931
58,OK,536
58,TN,960
58,WV,286
58,AZ,970
58,CO,781
58,ID,218
58,MT,158
58,NV,426
58,NM,294
58,UT,322
58,WY,90
58,CA,5243
58,OR,593
58,WA,1122
58,AK,87
58,HI,223
59,CT,577
59,ME,230
59,MA,1037
59,NH,225
59,RI,180
59,VT,104
59,DE,135
59,NJ,1448
59,NY,2946
59,PA,2080
59,IL,1943
59,IN,1022
59,MI,1590
59,OH,1862
59,WI,997
59,IA,481
59,KS,451
59,MN,993
59,MO,975
59,NE,292
59,ND,124
59,SD,138
59,VA,1278
59,AL,724
59,AR,432
59,FL,3120
59,GA,1481
59,LA,661
59,MS,414
59,NC,1467
59,SC,735
59,TX,3801
59,KY,677
59,MD,907
59,OK,514
59,TN,994
59,WV,287
59,AZ,981
59,CO,770
59,ID,266
59,MT,196
59,NV,389
59,NM,293
59,UT,348
59,WY,87
59,CA,5237
59,OR,594
59,WA,1115
59,AK,87
59,HI,202
60,CT,570
60,ME,224
60,MA,1021
60,NH,237
60,RI,151
60,VT,109
60,DE,136
60,NJ,1351
60,NY,2974
60,PA,2088
60,IL,1853
60,IN,984
60,MI,1648
60,OH,1882
60,WI,1034
60,IA,515
60,KS,463
60,MN,949
60,MO,970
60,NE,283
60,ND,138
60,SD,117
60,VA,1241
60,AL,741
60,AR,445
60,FL,3149
60,GA,1437
60,LA,653
60,MS,486
60,NC,1456
60,SC,756
60,TX,3700
60,KY,697
60,MD,897
60,OK,504
60,TN,1010
60,WV,287
60,AZ,988
60,CO,794
60,ID,240
60,MT,194
60,NV,399
60,NM,259
60,UT,354
60,WY,73
60,CA,5259
60,OR,572
60,WA,1043
60,AK,72
60,HI,195
61,CT,572
61,ME,222
61,MA,1022
61,NH,268
61,RI,170
61,VT,121
61,DE,147
61,NJ,1369
61,NY,3043
61,PA,2031
61,IL,1905
61,IN,973
61,MI,1723
61,OH,1876
61,WI,955
61,IA,508
61,KS,476
61,MN,929
61,MO,960
61,NE,318
61,ND,133
61,SD,123
61,VA,1292
61,AL,802
61,AR,475
61,FL,3235
61,GA,1458
61,LA,684
61,MS,479
61,NC,1506
61,SC,816
61,TX,3691
61,KY,678
61,MD,889
61,OK,521
61,TN,955
61,WV,268
61,AZ,972
61,CO,836
61,ID,236
61,MT,199
61,NV,406
61,NM,341
61,UT,361
61,WY,114
61,CA,5375
61,OR,623
61,WA,1129
61,AK,96
61,HI,201
62,CT,590
62,ME,227
62,MA,987
62,NH,227
62,RI,185
62,VT,94
62,DE,139
62,NJ,1361
62,NY,2914
62,PA,2087
62,IL,1943
62,IN,1036
62,MI,1682
62,OH,1920
62,WI,1026
62,IA,502
62,KS,451
62,MN,888
62,MO,907
62,NE,310
62,ND,122
62,SD,135
62,VA,1259
62,AL,753
62,AR,474
62,FL,3150
62,GA,1491
62,LA,671
62,MS,495
62,NC,1439
62,SC,723
62,TX,3571
62,KY,723
62,MD,846
62,OK,537
62,TN,1035
62,WV,300
62,AZ,986
62,CO,813
62,ID,238
62,MT,175
62,NV,388
62,NM,313
62,UT,343
62,WY,95
62,CA,5129
62,OR,590
62,WA,1150
62,AK,92
62,HI,227
63,CT,619
63,ME,215
63,MA,1041
63,NH,224
63,RI,171
63,VT,133
63,DE,131
63,NJ,1333
63,NY,2769
63,PA,2066
63,IL,1832
63,IN,1042
63,MI,1616
63,OH,1875
63,WI,936
63,IA,502
63,KS,447
63,MN,840
63,MO,1013
63,NE,276
63,ND,103
63,SD,153
63,VA,1211
63,AL,771
63,AR,470
63,FL,3100
63,GA,1421
63,LA,665
63,MS,464
63,NC,1559
63,SC,720
63,TX,3610
63,KY,652
63,MD,892
63,OK,538
63,TN,913
63,WV,302
63,AZ,983
63,CO,820
63,ID,228
63,MT,205
63,NV,462
63,NM,317
63,UT,322
63,WY,109
63,CA,5113
63,OR,561
63,WA,1077
63,AK,90
63,HI,214
64,CT,565
64,ME,246
64,MA,1048
64,NH,227
64,RI,140
64,VT,150
64,DE,147
64,NJ,1283
64,NY,2838
64,PA,2026
64,IL,1769
64,IN,991
64,MI,1598
64,OH,1796
64,WI,1026
64,IA,512
64,KS,401
64,MN,908
64,MO,936
64,NE,280
64,ND,128
64,SD,153
64,VA,1223
64,AL,699
64,AR,435
64,FL,3049
64,GA,1404
64,LA,673
64,MS,458
64,NC,1464
64,SC,745
64,TX,3498
64,KY,664
64,MD,893
64,OK,509
64,TN,1034
64,WV,274
64,AZ,966
64,CO,757
64,ID,269
64,MT,180
64,NV,443
64,NM,293
64,UT,353
64,WY,81
64,CA,4975
64,OR,624
64,WA,1121
64,AK,74
64,HI,209
65,CT,521
65,ME,253
65,MA,949
65,NH,203
65,RI,167
65,VT,114
65,DE,159
65,NJ,1199
65,NY,2680
65,PA,2043
65,IL,1810
65,IN,945
65,MI,1552
65,OH,1716
65,WI,963
65,IA,462
65,KS,442
65,MN,834
65,MO,949
65,NE,261
65,ND,107
65,SD,118
65,VA,1122
65,AL,720
65,AR,386
65,FL,3141
65,GA,1385
65,LA,653
65,MS,450
65,NC,1533
65,SC,734
65,TX,3321
65,KY,659
65,MD,855
65,OK,461
65,TN,1002
65,WV,298
65,AZ,1005
65,CO,758
65,ID,220
65,MT,171
65,NV,397
65,NM,270
65,UT,338
65,WY,99
65,CA,4734
65,OR,645
65,WA,1069
65,AK,89
65,HI,175
66,CT,522
66,ME,256
66,MA,954
66,NH,230
66,RI,161
66,VT,128
66,DE,168
66,NJ,1294
66,NY,2644
66,PA,1936
66,IL,1655
66,IN,911
66,MI,1521
66,OH,1695
66,WI,895
66,IA,478
66,KS,423
66,MN,814
66,MO,890
66,NE,300
66,ND,142
66,SD,144
66,VA,1118
66,AL,682
66,AR,442
66,FL,3182
66,GA,1280
66,LA,652
66,MS,438
66,NC,1427
66,SC,761
66,TX,3359
66,KY,610
66,MD,837
66,OK,479
66,TN,981
66,WV,317
66,AZ,985
66,CO,804
66,ID,228
66,MT,191
66,NV,387
66,NM,291
66,UT,290
66,WY,89
66,CA,4659
66,OR,700
66,WA,1160
66,AK,96
66,HI,229
67,CT,441
67,ME,245
67,MA,934
67,NH,215
67,RI,161
67,VT,108
67,DE,144
67,NJ,1134
67,NY,2587
67,PA,1893
67,IL,1666
67,IN,877
67,MI,1516
67,OH,1628
67,WI,877
67,IA,479
67,KS,422
67,MN,808
67,MO,824
67,NE,256
67,ND,102
67,SD,120
67,VA,1071
67,AL,690
67,AR,393
67,FL,3111
67,GA,1251
67,LA,595
67,MS,401
67,NC,1435
67,SC,721
67,TX,3047
67,KY,649
67,MD,834
67,OK,423
67,TN,944
67,WV,281
67,AZ,985
67,CO,723
67,ID,253
67,MT,187
67,NV,403
67,NM,300
67,UT,279
67,WY,87
67,CA,4472
67,OR,655
67,WA,1007
67,AK,76
67,HI,194
68,CT,482
68,ME,231
68,MA,875
68,NH,209
68,RI,135
68,VT,115
68,DE,146
68,NJ,1072
68,NY,2471
68,PA,1789
68,IL,1609
68,IN,816
68,MI,1450
68,OH,1606
68,WI,859
68,IA,429
68,KS,395
68,MN,750
68,MO,813
68,NE,284
68,ND,103
68,SD,117
68,VA,1051
68,AL,646
68,AR,414
68,FL,3028
68,GA,1239
68,LA,633
68,MS,379
68,NC,1384
68,SC,702
68,TX,3129
68,KY,611
68,MD,701
68,OK,428
68,TN,885
68,WV,296
68,AZ,905
68,CO,677
68,ID,190
68,MT,169
68,NV,382
68,NM,270
68,UT,270
68,WY,95
68,CA,4363
68,OR,621
68,WA,905
68,AK,77
68,HI,188
69,CT,419
69,ME,193
69,MA,892
69,NH,188
69,RI,143
69,VT,92
69,DE,148
69,NJ,1064
69,NY,2338
69,PA,1755
69,IL,1506
69,IN,795
69,MI,1301
69,OH,1497
69,WI,789
69,IA,384
69,KS,350
69,MN,714
69,MO,741
69,NE,241
69,ND,89
69,SD,121
69,VA,999
69,AL,705
69,AR,382
69,FL,3009
69,GA,1135
69,LA,563
69,MS,368
69,NC,1468
69,SC,695
69,TX,2860
69,KY,528
69,MD,685
69,OK,434
69,TN,819
69,WV,342
69,AZ,997
69,CO,675
69,ID,210
69,MT,161
69,NV,360
69,NM,337
69,UT,271
69,WY,90
69,CA,4069
69,OR,629
69,WA,953
69,AK,46
69,HI,168
70,CT,412
70,ME,230
70,MA,826
70,NH,184
70,RI,129
70,VT,100
70,DE,138
70,NJ,981
70,NY,2227
70,PA,1649
70,IL,1424
70,IN,823
70,MI,1314
70,OH,1413
70,WI,797
70,IA,381
70,KS,340
70,MN,748
70,MO,761
70,NE,212
70,ND,100
70,SD,98
70,VA,994
70,AL,667
70,AR,413
70,FL,3072
70,GA,1195
70,LA,573
70,MS,355
70,NC,1311
70,SC,760
70,TX,2757
70,KY,552
70,MD,668
70,OK,395
70,TN,840
70,WV,295
70,AZ,920
70,CO,635
70,ID,204
70,MT,144
70,NV,395
70,NM,270
70,UT,259
70,WY,82
70,CA,4041
70,OR,577
70,WA,871
70,AK,55
70,HI,205
71,CT,444
71,ME,245
71,MA,862
71,NH,197
71,RI,107
71,VT,114
71,DE,152
71,NJ,1077
71,NY,2399
71,PA,1775
71,IL,1413
71,IN,759
71,MI,1293
71,OH,1461
71,WI,749
71,IA,350
71,KS,327
71,MN,639
71,MO,760
71,NE,212
71,ND,87
71,SD,104
71,VA,914
71,AL,617
71,AR,385
71,FL,3101
71,GA,1212
71,LA,549
71,MS,370
71,NC,1376
71,SC,719
71,TX,2904
71,KY,591
71,MD,715
71,OK,452
71,TN,852
71,WV,289
71,AZ,982
71,CO,671
71,ID,187
71,MT,168
71,NV,393
71,NM,282
71,UT,270
71,WY,86
71,CA,4055
71,OR,543
71,WA,942
71,AK,64
71,HI,172
72,CT,448
72,ME,226
72,MA,905
72,NH,187
72,RI,136
72,VT,95
72,DE,170
72,NJ,1053
72,NY,2390
72,PA,1782
72,IL,1493
72,IN,823
72,MI,1290
72,OH,1488
72,WI,785
72,IA,378
72,KS,311
72,MN,695
72,MO,835
72,NE,191
72,ND,94
72,SD,103
72,VA,967
72,AL,726
72,AR,416
72,FL,3109
72,GA,1151
72,LA,531
72,MS,413
72,NC,1371
72,SC,750
72,TX,2763
72,KY,586
72,MD,743
72,OK,421
72,TN,864
72,WV,262
72,AZ,958
72,CO,628
72,ID,199
72,MT,138
72,NV,391
72,NM,221
72,UT,254
72,WY,57
72,CA,3939
72,OR,626
72,WA,986
72,AK,58
72,HI,160
73,CT,346
73,ME,137
73,MA,683
73,NH,136
73,RI,97
73,VT,75
73,DE,108
73,NJ,822
73,NY,1837
73,PA,1246
73,IL,1151
73,IN,570
73,MI,938
73,OH,1070
73,WI,561
73,IA,280
73,KS,246
73,MN,489
73,MO,656
73,NE,165
73,ND,65
73,SD,74
73,VA,726
73,AL,482
73,AR,314
73,FL,2515
73,GA,959
73,LA,383
73,MS,264
73,NC,1039
73,SC,566
73,TX,2251
73,KY,426
73,MD,578
73,OK,351
73,TN,663
73,WV,185
73,AZ,757
73,CO,495
73,ID,161
73,MT,122
73,NV,299
73,NM,242
73,UT,204
73,WY,48
73,CA,3266
73,OR,395
73,WA,707
73,AK,53
73,HI,147
74,CT,350
74,ME,116
74,MA,579
74,NH,131
74,RI,108
74,VT,77
74,DE,107
74,NJ,761
74,NY,1668
74,PA,1171
74,IL,1013
74,IN,581
74,MI,900
74,OH,1034
74,WI,538
74,IA,279
74,KS,235
74,MN,524
74,MO,599
74,NE,172
74,ND,66
74,SD,69
74,VA,651
74,AL,489
74,AR,320
74,FL,2399
74,GA,865
74,LA,406
74,MS,283
74,NC,985
74,SC,522
74,TX,2040
74,KY,369
74,MD,531
74,OK,320
74,TN,684
74,WV,171
74,AZ,736
74,CO,457
74,ID,126
74,MT,111
74,NV,269
74,NM,203
74,UT,186
74,WY,50
74,CA,2924
74,OR,391
74,WA,643
74,AK,39
74,HI,142
75,CT,294
75,ME,172
75,MA,599
75,NH,125
75,RI,119
75,VT,71
75,DE,109
75,NJ,749
75,NY,1696
75,PA,1131
75,IL,1021
75,IN,555
75,MI,945
75,OH,982
75,WI,555
75,IA,312
75,KS,263
75,MN,500
75,MO,615
75,NE,156
75,ND,62
75,SD,72
75,VA,689
75,AL,447
75,AR,272
75,FL,2289
75,GA,803
75,LA,351
75,MS,276
75,NC,939
75,SC,487
75,TX,2101
75,KY,410
75,MD,494
75,OK,349
75,TN,579
75,WV,200
75,AZ,733
75,CO,451
75,ID,153
75,MT,102
75,NV,266
75,NM,193
75,UT,199
75,WY,56
75,CA,2812
75,OR,388
75,WA,666
75,AK,42
75,HI,146
76,CT,365
76,ME,146
76,MA,620
76,NH,144
76,RI,102
76,VT,69
76,DE,122
76,NJ,782
76,NY,1710
76,PA,1218
76,IL,1052
76,IN,549
76,MI,942
76,OH,1048
76,WI,513
76,IA,285
76,KS,273
76,MN,482
76,MO,549
76,NE,164
76,ND,57
76,SD,69
76,VA,694
76,AL,473
76,AR,299
76,FL,2335
76,GA,872
76,LA,401
76,MS,267
76,NC,978
76,SC,546
76,TX,1966
76,KY,407
76,MD,547
76,OK,282
76,TN,628
76,WV,186
76,AZ,719
76,CO,429
76,ID,170
76,MT,97
76,NV,267
76,NM,163
76,UT,182
76,WY,46
76,CA,2808
76,OR,377
76,WA,663
76,AK,38
76,HI,133
77,CT,295
77,ME,133
77,MA,498
77,NH,98
77,RI,80
77,VT,49
77,DE,97
77,NJ,687
77,NY,1465
77,PA,1059
77,IL,951
77,IN,503
77,MI,853
77,OH,994
77,WI,465
77,IA,233
77,KS,205
77,MN,441
77,MO,500
77,NE,139
77,ND,55
77,SD,52
77,VA,602
77,AL,382
77,AR,267
77,FL,2039
77,GA,732
77,LA,322
77,MS,241
77,NC,826
77,SC,440
77,TX,1788
77,KY,350
77,MD,435
77,OK,239
77,TN,549
77,WV,159
77,AZ,613
77,CO,324
77,ID,119
77,MT,114
77,NV,213
77,NM,161
77,UT,152
77,WY,47
77,CA,2467
77,OR,340
77,WA,533
77,AK,25
77,HI,104
78,CT,274
78,ME,103
78,MA,421
78,NH,113
78,RI,85
78,VT,52
78,DE,92
78,NJ,582
78,NY,1270
78,PA,950
78,IL,808
78,IN,461
78,MI,700
78,OH,867
78,WI,413
78,IA,254
78,KS,190
78,MN,404
78,MO,482
78,NE,121
78,ND,60
78,SD,50
78,VA,588
78,AL,372
78,AR,243
78,FL,1867
78,GA,641
78,LA,317
78,MS,230
78,NC,719
78,SC,393
78,TX,1557
78,KY,302
78,MD,393
78,OK,236
78,TN,548
78,WV,143
78,AZ,574
78,CO,313
78,ID,120
78,MT,77
78,NV,210
78,NM,146
78,UT,137
78,WY,53
78,CA,2171
78,OR,309
78,WA,453
78,AK,25
78,HI,103
79,CT,234
79,ME,103
79,MA,387
79,NH,114
79,RI,66
79,VT,40
79,DE,65
79,NJ,502
79,NY,1167
79,PA,826
79,IL,735
79,IN,397
79,MI,671
79,OH,740
79,WI,413
79,IA,255
79,KS,212
79,MN,337
79,MO,439
79,NE,133
79,ND,46
79,SD,59
79,VA,483
79,AL,329
79,AR,229
79,FL,1644
79,GA,538
79,LA,331
79,MS,191
79,NC,681
79,SC,337
79,TX,1486
79,KY,285
79,MD,368
79,OK,236
79,TN,482
79,WV,141
79,AZ,513
79,CO,267
79,ID,135
79,MT,77
79,NV,170
79,NM,133
79,UT,133
79,WY,32
79,CA,2075
79,OR,289
79,WA,431
79,AK,33
79,HI,74
80,CT,191
80,ME,102
80,MA,368
80,NH,95
80,RI,63
80,VT,54
80,DE,80
80,NJ,485
80,NY,1095
80,PA,841
80,IL,698
80,IN,403
80,MI,616
80,OH,737
80,WI,345
80,IA,218
80,KS,174
80,MN,358
80,MO,404
80,NE,128
80,ND,43
80,SD,74
80,VA,468
80,AL,375
80,AR,196
80,FL,1602
80,GA,511
80,LA,269
80,MS,191
80,NC,637
80,SC,333
80,TX,1373
80,KY,262
80,MD,321
80,OK,225
80,TN,384
80,WV,123
80,AZ,437
80,CO,241
80,ID,116
80,MT,78
80,NV,147
80,NM,134
80,UT,113
80,WY,32
80,CA,1945
80,OR,250
80,WA,408
80,AK,29
80,HI,75
81,CT,181
81,ME,84
81,MA,344
81,NH,89
81,RI,62
81,VT,44
81,DE,51
81,NJ,468
81,NY,1110
81,PA,814
81,IL,656
81,IN,369
81,MI,582
81,OH,660
81,WI,373
81,IA,189
81,KS,156
81,MN,323
81,MO,355
81,NE,111
81,ND,54
81,SD,51
81,VA,456
81,AL,312
81,AR,172
81,FL,1551
81,GA,492
81,LA,250
81,MS,167
81,NC,557
81,SC,288
81,TX,1285
81,KY,268
81,MD,333
81,OK,189
81,TN,430
81,WV,117
81,AZ,460
81,CO,240
81,ID,94
81,MT,73
81,NV,148
81,NM,97
81,UT,117
81,WY,37
81,CA,1875
81,OR,217
81,WA,408
81,AK,25
81,HI,109
82,CT,186
82,ME,98
82,MA,394
82,NH,66
82,RI,66
82,VT,26
82,DE,55
82,NJ,413
82,NY,997
82,PA,733
82,IL,646
82,IN,313
82,MI,497
82,OH,629
82,WI,328
82,IA,166
82,KS,142
82,MN,268
82,MO,357
82,NE,118
82,ND,33
82,SD,51
82,VA,397
82,AL,250
82,AR,146
82,FL,1387
82,GA,436
82,LA,231
82,MS,149
82,NC,529
82,SC,240
82,TX,1135
82,KY,198
82,MD,254
82,OK,181
82,TN,348
82,WV,111
82,AZ,384
82,CO,234
82,ID,95
82,MT,55
82,NV,163
82,NM,107
82,UT,102
82,WY,34
82,CA,1621
82,OR,221
82,WA,346
82,AK,28
82,HI,39
83,CT,187
83,ME,77
83,MA,314
83,NH,42
83,RI,52
83,VT,30
83,DE,49
83,NJ,417
83,NY,860
83,PA,647
83,IL,573
83,IN,300
83,MI,491
83,OH,596
83,WI,270
83,IA,199
83,KS,157
83,MN,247
83,MO,299
83,NE,111
83,ND,47
83,SD,42
83,VA,346
83,AL,262
83,AR,143
83,FL,1233
83,GA,390
83,LA,187
83,MS,124
83,NC,449
83,SC,226
83,TX,1107
83,KY,214
83,MD,258
83,OK,185
83,TN,316
83,WV,76
83,AZ,318
83,CO,199
83,ID,76
83,MT,53
83,NV,120
83,NM,88
83,UT,100
83,WY,27
83,CA,1633
83,OR,209
83,WA,323
83,AK,19
83,HI,70
84,CT,154
84,ME,74
84,MA,288
84,NH,56
84,RI,55
84,VT,19
84,DE,41
84,NJ,364
84,NY,851
84,PA,592
84,IL,519
84,IN,274
84,MI,477
84,OH,525
84,WI,260
84,IA,189
84,KS,151
84,MN,258
84,MO,287
84,NE,69
84,ND,42
84,SD,32
84,VA,356
84,AL,246
84,AR,134
84,FL,1084
84,GA,359
84,LA,201
84,MS,144
84,NC,444
84,SC,247
84,TX,1001
84,KY,185
84,MD,242
84,OK,166
84,TN,289
84,WV,94
84,AZ,308
84,CO,178
84,ID,72
84,MT,51
84,NV,105
84,NM,83
84,UT,85
84,WY,23
84,CA,1380
84,OR,182
84,WA,274
84,AK,21
84,HI,58
85,CT,178
85,ME,49
85,MA,223
85,NH,60
85,RI,48
85,VT,19
85,DE,42
85,NJ,314
85,NY,765
85,PA,535
85,IL,468
85,IN,245
85,MI,374
85,OH,466
85,WI,251
85,IA,131
85,KS,129
85,MN,222
85,MO,257
85,NE,73
85,ND,36
85,SD,39
85,VA,276
85,AL,195
85,AR,139
85,FL,1024
85,GA,339
85,LA,167
85,MS,108
85,NC,386
85,SC,198
85,TX,886
85,KY,186
85,MD,196
85,OK,122
85,TN,228
85,WV,77
85,AZ,273
85,CO,151
85,ID,57
85,MT,38
85,NV,92
85,NM,75
85,UT,84
85,WY,15
85,CA,1295
85,OR,142
85,WA,235
85,AK,13
85,HI,61
86,CT,132
86,ME,62
86,MA,252
86,NH,60
86,RI,40
86,VT,29
86,DE,19
86,NJ,330
86,NY,745
86,PA,487
86,IL,430
86,IN,259
86,MI,370
86,OH,451
86,WI,214
86,IA,153
86,KS,115
86,MN,187
86,MO,232
86,NE,73
86,ND,35
86,SD,29
86,VA,265
86,AL,175
86,AR,123
86,FL,994
86,GA,287
86,LA,146
86,MS,86
86,NC,304
86,SC,183
86,TX,769
86,KY,153
86,MD,204
86,OK,126
86,TN,218
86,WV,76
86,AZ,233
86,CO,153
86,ID,59
86,MT,39
86,NV,88
86,NM,79
86,UT,65
86,WY,14
86,CA,1185
86,OR,146
86,WA,234
86,AK,17
86,HI,55
87,CT,139
87,ME,63
87,MA,231
87,NH,58
87,RI,43
87,VT,27
87,DE,41
87,NJ,332
87,NY,665
87,PA,465
87,IL,399
87,IN,193
87,MI,344
87,OH,376
87,WI,205
87,IA,127
87,KS,104
87,MN,208
87,MO,205
87,NE,89
87,ND,33
87,SD,42
87,VA,265
87,AL,133
87,AR,100
87,FL,825
87,GA,276
87,LA,138
87,MS,100
87,NC,298
87,SC,148
87,TX,723
87,KY,127
87,MD,188
87,OK,138
87,TN,190
87,WV,81
87,AZ,222
87,CO,167
87,ID,51
87,MT,36
87,NV,60
87,NM,70
87,UT,67
87,WY,15
87,CA,1115
87,OR,130
87,WA,232
87,AK,6
87,HI,62
88,CT,114
88,ME,69
88,MA,209
88,NH,33
88,RI,44
88,VT,28
88,DE,34
88,NJ,279
88,NY,593
88,PA,444
88,IL,363
88,IN,173
88,MI,297
88,OH,432
88,WI,188
88,IA,121
88,KS,106
88,MN,178
88,MO,212
88,NE,72
88,ND,26
88,SD,27
88,VA,231
88,AL,128
88,AR,85
88,FL,794
88,GA,233
88,LA,104
88,MS,74
88,NC,260
88,SC,123
88,TX,614
88,KY,137
88,MD,191
88,OK,99
88,TN,172
88,WV,56
88,AZ,215
88,CO,145
88,ID,57
88,MT,40
88,NV,69
88,NM,63
88,UT,54
88,WY,16
88,CA,1034
88,OR,112
88,WA,212
88,AK,14
88,HI,48
89,CT,123
89,ME,50
89,MA,214
89,NH,47
89,RI,32
89,VT,19
89,DE,24
89,NJ,251
89,NY,577
89,PA,414
89,IL,365
89,IN,160
89,MI,220
89,OH,342
89,WI,154
89,IA,98
89,KS,102
89,MN,148
89,MO,177
89,NE,58
89,ND,21
89,SD,31
89,VA,207
89,AL,109
89,AR,67
89,FL,684
89,GA,189
89,LA,104
89,MS,67
89,NC,261
89,SC,99
89,TX,566
89,KY,148
89,MD,131
89,OK,89
89,TN,160
89,WV,57
89,AZ,196
89,CO,112
89,ID,53
89,MT,22
89,NV,54
89,NM,47
89,UT,43
89,WY,22
89,CA,961
89,OR,95
89,WA,162
89,HI,44
90,CT,100
90,ME,25
90,MA,176
90,NH,36
90,RI,31
90,VT,6
90,DE,19
90,NJ,246
90,NY,496
90,PA,334
90,IL,326
90,IN,157
90,MI,210
90,OH,320
90,WI,128
90,IA,97
90,KS,74
90,MN,166
90,MO,162
90,NE,59
90,ND,18
90,SD,21
90,VA,167
90,AL,110
90,AR,52
90,FL,577
90,LA,79
90,MS,57
90,NC,218
90,SC,96
90,KY,97
90,MD,135
90,OK,71
90,TN,125
90,WV,46
90,AZ,127
90,CO,94
90,ID,40
90,MT,23
90,NV,45
90,NM,32
90,WY,9
90,CA,789
90,OR,96
90,WA,146
90,HI,40
92,CT,81
92,MA,101
92,NH,25
92,RI,19
92,VT,10
92,NJ,143
92,NY,359
92,PA,276
92,OH,207
92,WI,90
92,IA,77
92,KS,64
92,NE,36
92,ND,14
92,SD,29
92,FL,455
92,OR,77
92,AK,43
92,HI,37
93,CT,51
93,RI,23
93,DE,100
93,ND,8
93,GA,826
93,TX,2239
93,UT,188
93,HI,46
94,ME,110
94,AL,360
94,LA,340
94,MS,229
94,SC,392
94,KY,344
94,TN,503
94,AZ,555
94,CO,390
94,NV,159
94,WY,43
95,VT,39
95,NJ,645
95,PA,912
95,IL,986
95,IN,475
95,MI,729
95,WI,362
95,MN,498
95,MO,488
95,VA,492
95,AR,217
95,NC,705
95,MD,438
95,OK,231
95,WV,133
95,ID,116
95,MT,67
95,NM,157
95,CA,2915
95,WA,614
96,MA,526
96,NH,83
96,RI,76
96,NY,1293
96,OH,741
96,IA,273
96,KS,211
96,NE,133
96,ND,47
96,SD,69
96,FL,1448
96,OR,289
97,CT,244
97,HI,110
